language	category	cluster_id	signals	implicit_request	safety_context	scam_text	safe_text
English	implicit_otp	auth-medical-portal	OTP_REQUEST	true	true	I am restoring your hospital portal. Read the six numbers from the sign-in alert to me so I can finish on your behalf.	Hospital staff can reset registration details without hearing your sign-in numbers. Enter them yourself only on the portal you opened.
English	implicit_otp	auth-courier-handset	OTP_REQUEST,URGENCY	true	true	The courier refund window is closing. The number that just reached your handset is the last thing I need; dictate it now.	A courier refund does not require you to dictate a sign-in number. End a call that demands one before a deadline.
English	credential_request	mailbox-migration-secret	CREDENTIAL_REQUEST	false	false	We are moving your work mailbox tonight. Reply with the password you normally use; our engineer will log in and copy everything.	Your work mailbox migration is complete. Open your usual company sign-in page; nobody from this ticket needs your password.
English	account_recovery	recovery-backup-list	OTP_REQUEST	true	true	Your recovery request is approved. Upload a photograph of the emergency login codes so I can associate them with the replacement phone.	Keep emergency login codes private. A recovery agent asking for a photograph of the list could use it to enter your account.
English	bank_impersonation	bank-card-chat-pin	BANK_IMPERSONATION,CREDENTIAL_REQUEST	false	true	This is the bank card replacement desk. Put the four digits you use at the cash machine in this chat to authenticate the replacement.	Our card replacement desk will never request your ATM PIN in chat. Track the replacement through the app you already use.
English	government_impersonation	customs-private-fine	GOVERNMENT_IMPERSONATION,PAYMENT_REQUEST,URGENCY	false	false	Customs enforcement has linked your parcel to a violation. Pay the fine to this personal wallet within twenty minutes to avoid a case.	Your parcel requires a customs declaration. Review the notice in the carrier account and contact the published customs office if needed.
English	upi	upi-receive-debit	PAYMENT_REQUEST	false	true	The money I owe you is ready. Accept the collect request and authorize the debit; this is how your incoming transfer is released.	A UPI collect request authorizes money leaving your account. Do not accept a debit just because someone calls it an incoming payment.
English	qr_fraud	qr-charity-reversal	PAYMENT_REQUEST	false	true	We accidentally charged your donation twice. Scan my QR and enter your banking PIN to receive the reversal immediately.	To investigate a duplicate donation, send the receipt number. Receiving a reversal does not require scanning a payment QR or entering a PIN.
English	refund	refund-verification-deposit	PAYMENT_REQUEST	false	false	Your appliance refund is approved, but first transfer a refundable verification deposit to our agent's account.	Your appliance refund has been issued to the original payment method. No deposit or response is required.
English	investment	investment-fixed-daily	INVESTMENT_PROMISE,PAYMENT_REQUEST	false	true	Join our private fund with a transfer today. Your capital is guaranteed and the account earns a fixed five percent every day.	Claims of guaranteed daily returns are a warning sign. Research the provider independently before committing money to any fund.
English	crypto	crypto-wallet-phrase	CREDENTIAL_REQUEST	false	true	Your wallet has failed synchronization. Paste the twelve recovery words here and our support tool will repair it without moving your coins.	Wallet support never needs your recovery words. Keep the phrase offline; anyone who receives it can move your coins.
English	job_scam	job-equipment-seller	PAYMENT_REQUEST	false	false	You passed the remote job interview without further checks. Buy your equipment from my personal payment account before we issue the contract.	Your interview is scheduled for Thursday. The recruiter will discuss equipment after a signed contract; no interview payment is due.
English	delivery	address-card-update	LINK_REQUEST,CREDENTIAL_REQUEST	false	false	Your delivery address failed validation. Follow https://parcel-fix.example and submit your full card details to unlock redelivery.	The courier could not find your building. Update the delivery instructions from the order page you already use.
English	remote_access	support-control-access	REMOTE_ACCESS	true	true	Open the remote assistance tool and read its connection number to me. Accept full control when the permission box appears.	A connection number from a remote assistance tool can grant access to your computer. Do not give it to an unsolicited caller.
English	tech_support	printer-browser-session	REMOTE_ACCESS,CREDENTIAL_REQUEST	false	false	To fix the printer, let our technician control your desktop and leave your banking account signed in for the diagnostics.	To fix the printer, open system settings and select the printer queue. You can follow these instructions yourself without a remote session.
English	kyc	kyc-caller-code	IDENTITY_VERIFICATION,OTP_REQUEST	true	true	I can renew KYC over this call. Say what the new verification message displays so I can complete the bank screen for you.	Complete KYC through the official bank channel you choose. Do not read authentication messages to a caller offering to finish the screen.
English	phishing	payroll-new-link	LINK_REQUEST,CREDENTIAL_REQUEST	false	false	Payroll has moved. Sign in with your work password at https://payroll-check.example before your next salary can be processed.	Payroll statements are available in the existing employee portal. Use your saved bookmark to view this month's statement.
English	threat	police-safe-account	GOVERNMENT_IMPERSONATION,PAYMENT_REQUEST,URGENCY	false	true	I am the investigating officer. Transfer your balance to the safe account I provide before this call ends or the warrant will proceed.	Police do not protect your balance by moving it to a caller's safe account. Verify any claimed case using a published office number.
English	family_emergency	cousin-new-number	PAYMENT_REQUEST,URGENCY	false	false	It is your cousin on a borrowed phone. I cannot talk, but I need a hospital deposit sent to this account in the next ten minutes.	Your cousin asked you to call the family landline about tomorrow's hospital visit. There is no payment request in this message.
English	prize	prize-tax-advance	PAYMENT_REQUEST	false	true	Your phone number won our draw. Pay the prize tax directly to my wallet and I will release the winnings to you.	Do not send money to a private wallet to claim a prize. Check whether you entered the draw and contact the organizer independently.
English	fake_support	marketplace-login-approval	OTP_REQUEST	true	true	I handle seller support. Read back the approval number that popped up on your phone so I can remove your listing restriction.	Seller support cannot require the approval number from a login alert. Review listing restrictions inside the marketplace account yourself.
English	implicit_otp	console-signin-digits	OTP_REQUEST	true	false	I am pairing your console remotely. Tell me the six numbers in the sign-in notification, not the serial number printed on the box.	The six numbers on your console are for the sign-in you initiated. Type them into your own pairing screen; no reply to this notice is needed.
English	contradiction	auth-exclusive-recipient	OTP_REQUEST	true	true	Keep your login code away from everyone else; only send it to me because I am the assigned verifier.	Keep your login code away from everyone, including someone claiming to be the assigned verifier. No exception makes it safe to send.
English	credential_request	helpdesk-security-answers	CREDENTIAL_REQUEST	true	true	For this helpdesk reset, send your account password and the answers to the private recovery questions in one message.	The helpdesk can issue a reset link without collecting your password or private recovery answers. Do not include those in a ticket.
English	payment_request	water-disconnection	PAYMENT_REQUEST,URGENCY	false	false	Your water supply will be cut off this evening unless you pay the overdue amount to the mobile number in this message.	Your water bill is available in the utility portal. Check your account balance there and use the payment method listed on your bill.
English	investment	crypto-insider-pool	INVESTMENT_PROMISE,PAYMENT_REQUEST	false	true	Our insider crypto pool cannot lose. Deposit your savings with me and withdraw double the amount after the weekend.	An insider crypto pool promising to double savings can be fraudulent. Guaranteed profit claims do not remove investment risk.
English	job_scam	task-unfreeze-fee	PAYMENT_REQUEST	false	true	Your product-rating earnings are frozen. Top up the task wallet with your own money to unlock the withdrawal tier.	A task platform demanding new deposits to release earnings may be a scam. Do not keep topping up because a chat agent promises recovery.
English	implicit_otp	insurance-text-readback	OTP_REQUEST	true	false	I am finalizing your insurance discount. Read the temporary sign-in number from the text aloud to me while I keep the form open.	Your insurer sent a renewal reminder with a policy number. You can read the policy number to the official branch you called; it is not a login secret.
English	remote_access	remote-unattended-mode	REMOTE_ACCESS	false	true	Enable unattended access in the support app and give me the connection identifier so I can fix your laptop while you are away.	Turn off unattended access after an authorized support session. Do not give connection identifiers to callers you did not contact.
English	phishing	cloud-share-password	LINK_REQUEST,CREDENTIAL_REQUEST	false	false	The shared contract is locked until you confirm your email password on https://document-confirm.example. Use the same password as your mailbox.	The contract is in the shared work folder. Open your normal document app; this notification does not ask for your mailbox password.
English	bank_impersonation	bank-otp-cancellation	BANK_IMPERSONATION,OTP_REQUEST,URGENCY	false	true	Bank fraud desk here. Send the OTP immediately to cancel the transfer; withholding it will let the payment go through.	To report an unfamiliar transfer, call your bank through its app. An OTP given to a caller can authorize a payment instead of canceling one.
English	government_impersonation	tax-refund-personal	GOVERNMENT_IMPERSONATION,PAYMENT_REQUEST	false	false	I am the tax refund officer assigned to you. Pay my processing charge from your personal wallet to release the government refund.	Your tax refund status changed. Sign in through the official tax portal you normally use to review the update.
English	qr_fraud	qr-buyer-payment	PAYMENT_REQUEST	false	true	I want to buy your used bicycle. Scan this QR and approve the amount so my payment can reach you.	A buyer's payment should not require you to approve a debit. Do not scan a buyer's QR merely to receive money for your bicycle.
English	credential_request	school-account-password	CREDENTIAL_REQUEST	false	false	I administer the school portal. Reply with your child's account password so I can enroll them in the new class group.	The school portal class group is ready. Sign in yourself and select the new group; the teacher does not need the account password.
English	implicit_otp	ticket-login-expiry	OTP_REQUEST,URGENCY	true	true	The reservation is about to expire. Forward the verification number that arrived on your mobile so I can secure the seat from my computer.	Do not forward a mobile verification number to someone reserving a seat for you. Use the reservation app and enter the code there yourself.
English	remote_access	refund-screen-control	REMOTE_ACCESS,PAYMENT_REQUEST	false	true	For the refund, share full screen control and open your banking app. I will make a small transfer to check the refund route.	Refund support should not control your banking screen or make a test transfer. Keep financial apps closed during unrelated technical help.
English	contradiction	education-then-secret	OTP_REQUEST	true	true	Fraud awareness tip: never read codes to strangers. Since I am your approved agent, read the authentication number to me instead.	Fraud awareness tip: never read authentication numbers to strangers, even if they introduce themselves as your approved agent.
English	prize	game-reward-pin	CREDENTIAL_REQUEST	false	false	Your game reward is waiting. Tell the claim operator your banking PIN to connect the reward to your debit card.	Your game reward has been added to the game account. View it in your inventory; no banking details are needed.
English	phishing	developer-token-chat	CREDENTIAL_REQUEST,LINK_REQUEST	true	false	Build support needs your production access token. Paste it into https://build-helper.example so we can debug your deployment remotely.	Build support needs the error code from the failed test, with secrets removed. Do not paste production tokens into tickets or chat.
English	payment_request	landlord-hold-flat	PAYMENT_REQUEST,URGENCY	false	false	I cannot show you the flat until you send a viewing deposit to my wallet. Another tenant is waiting, so pay within five minutes.	The flat viewing is booked for Saturday. Meet the agent at the property; the appointment confirmation does not request payment.
Hinglish	implicit_otp	auth-mobile-repair	OTP_REQUEST	true	true	Repair booking activate karni hai. Phone pe code aaya hoga, uske six digit mujhe bhej do taaki main apne system me daal sakun.	Repair booking ke naam pe phone ka six digit code kisi ko mat dena. Apni booking official service app se check karo.
Hinglish	implicit_otp	auth-scholarship-number	OTP_REQUEST,URGENCY	true	false	Scholarship form abhi band ho raha hai, verification no bata do jldi, tumhare mobile pe aaya hai wohi chahiye.	Scholarship form ka acknowledgement number save kar lo. Status student portal pe milega, is message ka reply zaroori nahi.
Hinglish	implicit_otp	auth-tuition-login	OTP_REQUEST	true	true	Online class account main set kar deta hu. Jo chhe ank login wale SMS me aaye hain unhe yahan send karo.	Class account set karte waqt login SMS ke chhe ank teacher ko bhi mat bhejna. Khud apni screen pe enter karna.
Hinglish	implicit_otp	auth-wifi-activation	OTP_REQUEST,URGENCY	true	false	Wifi activation ke liye phone pe aya verification number bta do, warna aaj ka installation slot chala jayega.	Wifi installation ka slot kal subah hai. Technician router serial number dekhega; phone ka verification number nahi maangega.
Hinglish	implicit_otp	auth-pass-renewal	OTP_REQUEST	true	true	Travel pass renew karne ke liye code aya hoga. OTP nahi bol raha, bas message ke six digits send krdo.	Koi OTP naam na le aur sirf message ke six digits maange tab bhi share mat karna. Woh login code ho sakta hai.
Hinglish	implicit_otp	auth-clinic-registration	OTP_REQUEST	true	false	Clinic registration mere laptop pe khuli hai. Phone pe jo login number aaya use batao, main tumhari taraf se continue karunga.	Clinic registration number receptionist ko bata sakte ho. Phone pe aaya login code khud bharna, receptionist ko dene ki zaroorat nahi.
Hinglish	implicit_otp	auth-sim-reactivate	OTP_REQUEST,ACCOUNT_THREAT,URGENCY	true	true	SIM aaj band ho jayegi. Verifiction code bhejo jaldi, main operator ki screen pe tumhari line reactivate kar dunga.	SIM band hone ki dhamki dekar verifiction code maange to mat bhejo. Operator ke official store se khud baat karo.
Hinglish	implicit_otp	auth-library-digits	OTP_REQUEST	true	false	Digital library ka access approve karna hai. Phone ki notification me jo 6-digit login number dikha use mere chat me bhej do.	Digital library membership approve ho gayi. Apna member ID sambhal lo aur account me khud sign in karo.
Hinglish	implicit_otp	auth-loyalty-cashback	OTP_REQUEST	true	true	Cashback attach karne ko temporary number aaya hoga phone pe. Mujhe woh bata do, tumko kuch enter nahi karna padega.	Cashback ke liye temporary login number kisi agent ko dena theek nahi. Offer apne account ke rewards section me check karo.
Hinglish	implicit_otp	auth-insurance-upload	OTP_REQUEST	true	true	Policy ki copy bhejne se pehle authentication message ka number forward karo. Main tumhare account me jaake document nikaal dunga.	Policy copy chahiye to insurer ki app me khud login karo. Authentication message kisi ko forward mat karna.
Hinglish	contradiction	auth-exclusive-recipient	OTP_REQUEST	true	true	Code dusro ko bilkul mat dena, lekin assigned verifier main hu isliye sirf mere number pe send karo.	Assigned verifier bolne wale ko bhi code mat dena. Sirf mere number pe bhejo kehna safety advice nahi hota.
Hinglish	contradiction	bank-warning-exception	BANK_IMPERSONATION,OTP_REQUEST	false	true	Bank kabhi OTP nahi mangta, par fraud cancel desk ko exception hai. Main usi desk se hu, apna OTP mujhe batao.	Bank kabhi OTP nahi mangta. Fraud cancel desk ka exception batane wala caller bhi OTP lene ki koshish kar sakta hai.
Hinglish	credential_request	upi-pin-voice-check	CREDENTIAL_REQUEST	false	true	UPI voice verification pending hai. Jo PIN payment approve karte waqt dalte ho woh call pe bol do.	UPI PIN call pe bolna verification nahi hai. Payment approve karne wala PIN kisi ko mat batao.
Hinglish	credential_request	email-password-photo	CREDENTIAL_REQUEST	false	false	Email restore karne ke liye purana password kagaz pe likh ke photo bhejo. Chat me type karna allowed nahi hai.	Email restore karne ke liye official reset page kholo. Password kagaz pe likhne ya uski photo bhejne ki zaroorat nahi.
Hinglish	credential_request	atm-keypad-digits	CREDENTIAL_REQUEST	true	true	Card unblock karna hai. ATM pe jo char button dabate ho unke numbers ek ek karke mujhe bata do.	Card unblock karwane ke liye ATM PIN batana zaroori nahi. Char button wale numbers maangna bhi PIN maangna hi hai.
Hinglish	account_recovery	backup-codes-photo	OTP_REQUEST	true	true	Naya phone link kar dunga, bas recovery codes ki list ka screenshot bhej do. Purane device ki zaroorat nahi padegi.	Naye phone ke setup me recovery codes ki list ka screenshot support ko mat bhejna. List se koi aur bhi login kar sakta hai.
Hinglish	bank_impersonation	bank-cancel-transfer	BANK_IMPERSONATION,OTP_REQUEST,URGENCY	false	true	Bank security se bol raha hu. Transfer rokna hai to OTP abhi send krdo, delay hua to paisa nikal jayega.	Transfer rokne ke bahane OTP maange to call kaat do. Bank app me diye number par khud call karke complaint karo.
Hinglish	government_impersonation	police-identity-deposit	GOVERNMENT_IMPERSONATION,PAYMENT_REQUEST,URGENCY	false	false	Police verification me tumhara naam aaya hai. Abhi security deposit mere diye account me daalo warna arrest notice niklega.	Police verification appointment ka time portal pe diya hai. Documents lekar office aao; is notice me kisi private account ka payment nahi hai.
Hinglish	payment_request	electricity-wallet	PAYMENT_REQUEST,URGENCY	false	true	Bijli aaj raat cut hogi, meter verification ka paisa is wallet pe bhej do. Office jaane ka time nahi bacha.	Bijli cut hone ka message aaye to bill official app me check karo. Unknown wallet me meter verification fee mat bhejo.
Hinglish	upi	upi-refund-pin	PAYMENT_REQUEST	false	true	Refund receive karne ko collect request accept karo aur apna UPI PIN daal do. Debit dikhega par paisa wapas hi aa raha hai.	Collect request pe PIN dalne se debit ho sakta hai. Refund receive karne ke liye aisa approval mat do.
Hinglish	qr_fraud	qr-secondhand-buyer	PAYMENT_REQUEST	false	true	Tumhara sofa kharid raha hu. Meri payment lene ke liye yeh QR scan karke amount approve karo.	Sofa kharidne wala payment bhej sakta hai bina tumse QR scan karwaye. Paisa lene ke liye debit approve mat karo.
Hinglish	refund	refund-trial-transfer	PAYMENT_REQUEST	false	false	Order refund ka route check karna hai. Pehle mere account me chhota trial transfer bhejo, uske baad full refund milega.	Order refund original payment method par process ho gaya. Bank statement me credit aane tak wait karo, trial transfer nahi chahiye.
Hinglish	investment	gold-fixed-return	INVESTMENT_PROMISE,PAYMENT_REQUEST	false	true	Hamare private gold plan me loss hota hi nahi. Aaj deposit karo aur har din fixed return lo, principal guaranteed hai.	Gold plan me har din fixed return aur zero loss ka promise suspicious hai. Sirf chat ke bharose savings mat lagao.
Hinglish	crypto	wallet-seed-support	CREDENTIAL_REQUEST	false	true	Wallet balance show nahi ho raha to recovery ke barah words bhejo. Support team phrase se sync theek kar degi.	Wallet ke barah recovery words support ko bhi mat bhejo. Phrase dene se account ka control kisi aur ko mil sakta hai.
Hinglish	job_scam	job-registration-charge	PAYMENT_REQUEST	false	false	Interview ki zaroorat nahi, job confirm hai. Offer letter bhejne se pehle recruiter ke personal UPI pe registration charge pay karo.	Interview ka invite email par bheja hai. Company se role aur address verify kar lena; interview ke liye payment nahi maanga gaya.
Hinglish	delivery	parcel-card-page	LINK_REQUEST,CREDENTIAL_REQUEST	false	false	Parcel address incomplete hai, https://parcel-update.example kholo aur card number CVV bhar do tabhi reattempt hoga.	Parcel ke address me landmark missing hai. Apne original order page se landmark update kar do, card details dobara nahi chahiye.
Hinglish	remote_access	remote-ticket-id	REMOTE_ACCESS	true	true	Support app kholo, usme connection number jo dikhe bata do aur full control allow kar do. Main tumhara phone operate karunga.	Support app ka connection number caller ko dene se remote control mil sakta hai. Unknown call pe full control allow mat karo.
Hinglish	tech_support	laptop-bank-test	REMOTE_ACCESS,CREDENTIAL_REQUEST	false	true	Laptop clean karne ko screen control do aur banking password chat me bhejo. Account se test karke virus hata denge.	Laptop clean karne wale ko banking password ki zaroorat nahi. Screen control aur password ek saath maangna risky hai.
Hinglish	kyc	kyc-short-link	IDENTITY_VERIFICATION,LINK_REQUEST,CREDENTIAL_REQUEST	false	false	KYC approve karwane ko https://kyc-desk.example par banking login aur password daal do. Ye bank ka alternate server hai.	KYC documents update karne ka reminder hai. Bank ki apni app ya branch use karo, naye message wale link par login mat karo.
Hinglish	family_emergency	brother-phone-broken	PAYMENT_REQUEST,URGENCY	false	false	Bhai mera phone toot gaya isliye naya number hai. Abhi emergency me dost ke account me paisa bhej, call nahi kar sakta.	Bhai ka phone repair me hai. Ghar ke number par call karke shaam ka plan confirm kar lena; paise nahi maange hain.
Hinglish	prize	lottery-release-tax	PAYMENT_REQUEST	false	true	Tumhara number lottery me select hua. Prize release karne ka tax mere UPI pe bhejo phir winning amount aa jayega.	Lottery jeetne ke message par tax kisi ke UPI pe mat bhejo. Bina entry ke prize claim ko pehle verify karo.
Hinglish	fake_support	seller-deactivate-code	OTP_REQUEST,ACCOUNT_THREAT	true	true	Seller account disable hone wala hai. Mobile pe jo verification number aya hoga mujhe bhejo, main restriction hata dunga.	Seller account ka verification number kisi support chat ko mat dena. Restriction official seller dashboard me check kar sakte ho.
Hinglish	job_scam	rating-task-topup	PAYMENT_REQUEST	false	true	Review task ki earning withdraw karni hai to pehle wallet top up karo. Negative balance clear hoga tab paisa unlock hoga.	Task earning unlock karne ke liye baar baar top up maangna scam ka sign hai. Apna aur paisa daalne se ruk jao.
Hinglish	government_impersonation	tax-clearance-wallet	GOVERNMENT_IMPERSONATION,PAYMENT_REQUEST	false	false	Tax department ka agent hu. Refund file clear karne ki fees mere wallet me jama karwa do.	Tax refund file ka status official portal pe update hua hai. Login karke notice padho aur registered office se clarification lo.
Hinglish	implicit_otp	auth-donation-receipt	OTP_REQUEST	true	false	Donation receipt nikaalne ke liye login SMS ke numbers read kar do. Main tumhare portal session me receipt download kar raha hu.	Donation receipt ke liye transaction reference share kar sakte ho. Login SMS ke numbers receipt number se alag hote hain.
Hinglish	implicit_otp	auth-gym-membership	OTP_REQUEST,URGENCY	true	true	Gym app ki membership activate kar raha hu. Code aya hoga phone pe, bhejo jldi nahi to verification expire ho jayega.	Gym membership activate karte waqt verification expire ho bhi jaye to code kisi ko mat dena. Apni app me naya code mangwa sakte ho.
Hinglish	implicit_otp	auth-tv-subscription	OTP_REQUEST	true	false	TV subscription link karne ke liye six digit number batao jo phone par aaya. Main apne browser me bhar deta hu.	TV par dikh raha pairing code apni subscription app me khud enter karo. Customer care ko phone ka sign-in number nahi chahiye.
Hinglish	implicit_otp	auth-train-waitlist	OTP_REQUEST,URGENCY	true	true	Waitlist confirm ho sakti hai bas verification no send karo jaldi. Number tumhare mobile ke naye message me hai.	Waitlist confirm karne ke naam par verification no mat bhejna. Train booking ka status official booking account me dekho.
Hinglish	contradiction	auth-no-strangers-agent	OTP_REQUEST	true	true	Strangers ko login number mat batana. Main tumhara personal agent hu, isliye notification me aaye numbers mujhe read kar do.	Personal agent bolne se koi trusted nahi ho jata. Notification me aaye login numbers strangers aur agents dono se private rakho.
Hinglish	credential_request	card-reward-cvv	CREDENTIAL_REQUEST	false	false	Reward points cash me convert karwa dunga. Card ka CVV aur expiry chat me type karo, card photo ki zaroorat nahi.	Reward points bank app ke rewards tab me dikhte hain. Is reminder ka jawab dene ya CVV share karne ki zaroorat nahi.
Hinglish	remote_access	remote-refund-unattended	REMOTE_ACCESS	false	true	Refund kal process karenge, tab tak support app me unattended access on rakho. Permission dobara maangne ki zaroorat nahi hogi.	Refund ke liye unattended access on rakhna zaroori nahi. Support session khatam ho to remote access permission hata do.
Hinglish	investment	crypto-double-weekend	INVESTMENT_PROMISE,PAYMENT_REQUEST	false	false	Mere crypto pool me paisa bhej, weekend tak double guaranteed milega. Market gire tab bhi tumhara profit fixed hai.	Crypto market me prices badal rahe hain. Yeh news update hai, isme koi fixed return ya deposit karne ki recommendation nahi hai.
Hinglish	phishing	work-login-mirror	LINK_REQUEST,CREDENTIAL_REQUEST	false	true	Office login mirror https://staff-check.example par password daalo. IT team ne main portal band kar diya hai.	Office password kisi message ke mirror portal me mat daalo. IT helpdesk ko saved contact se confirm karo.
Hinglish	payment_request	room-viewing-deposit	PAYMENT_REQUEST,URGENCY	false	false	Room dikhane se pehle token mere wallet pe bhejo. Dusra tenant ready hai, paanch minute me payment chahiye.	Room dekhne ka time Sunday ko hai. Address aur agent ka number confirm kar lo; viewing ke liye token nahi manga gaya.
Hinglish	implicit_otp	auth-number-not-otp	OTP_REQUEST	true	true	OTP shabd se confuse mat ho, login wale text me jo temporary ank aaye woh mere chat pe copy kar do.	Koi OTP ki jagah temporary ank bole tab bhi login text copy karke mat bhejna. Naam badalne se secret public nahi hota.
Hinglish	implicit_otp	auth-claim-expired	OTP_REQUEST,URGENCY	true	false	Claim verification ke liye phone pe aaya 6 digit number chahiye. Bta do abhi, iske expire hone se file dobara shuru hogi.	Claim file number aur document list email me hai. Claim status dekhne ke liye apne account me login karo.
Hinglish	contradiction	auth-training-live-code	OTP_REQUEST	true	true	Training me sikhaate hain ki code kisi ko nahi dena. Aaj live demo ke liye apna asli authentication number mujhe bhej do.	Training me dummy code use karo. Live demo ke naam par bhi apna asli authentication number kisi ko mat bhejo.
Hinglish	qr_fraud	qr-parking-reversal	PAYMENT_REQUEST	false	true	Parking ka extra charge wapas lena hai to QR scan karo aur PIN daalo. Screen pe pay likha aaye to bhi approve karna.	Parking refund ke naam par pay screen approve mat karo. Extra charge ki complaint receipt ke saath official counter pe karo.
Hinglish	government_impersonation	court-video-fine	GOVERNMENT_IMPERSONATION,PAYMENT_REQUEST,URGENCY	false	true	Court online hearing chal rahi hai. Call mat kaatna, turant fine mere bataye account me jama karo nahi to warrant lagega.	Court ka naam lekar video call par turant private account me fine maangna suspicious hai. Official court contact se notice verify karo.
Hinglish	implicit_otp	auth-admission-seat	OTP_REQUEST	true	true	Admission portal mere paas open hai. Verifiction number aaya hoga, use send krdo taaki seat tumhare naam se lock kar du.	Admission seat ke liye portal ka verifiction number agent ko mat send karo. Apne login me khud process complete karo.
Tanglish	implicit_otp	auth-mobile-repair	OTP_REQUEST	true	true	Service booking activate panna phone la code vandhirukkum. Andha six digit number enakku anuppunga, naan system la podaren.	Service booking nu solli phone la vandha six digit number ketta anuppa vendam. Official app la neengale booking check pannunga.
Tanglish	implicit_otp	auth-college-fee-receipt	OTP_REQUEST	true	false	College receipt edukka unga login notification la vandha aaru numbers sollunga. Unga account la naan receipt download panren.	College receipt ku transaction reference podhum. Login notification number vera; adhai neengale unga screen la enter pannunga.
Tanglish	implicit_otp	auth-broadband-slot	OTP_REQUEST,URGENCY	true	true	Broadband slot mudiyapogudhu. Mobile ku vandha verification number seekiram sollunga, installer account la naan approve panren.	Broadband slot mudiyum nu sonnalum verification number solla vendam. Provider app la installation status paarunga.
Tanglish	implicit_otp	auth-ticket-seat	OTP_REQUEST,URGENCY	true	false	Seat reserve panna phone message la six digits vandhirukkum. Adha ippo en chat ku anuppunga, time mudinja booking poidum.	Ticket reference number receipt la irukku. Booking status adha vechu official site la paarkalam; login digits share panna thevai illa.
Tanglish	implicit_otp	auth-health-appointment	OTP_REQUEST	true	true	Hospital appointment naan fix panren. Phone la vandha temporary sign-in number ah padichu sollunga, naan form complete panren.	Hospital appointment ku sign-in number ah caller kitta padichu solla vendam. Neenga open panna portal la mattum enter pannunga.
Tanglish	implicit_otp	auth-tv-subscription	OTP_REQUEST	true	false	TV subscription link panna unga mobile ku vandha verification no venum. Enakku anuppunga, en browser la connect panren.	TV pairing ah unga subscription app la neengale seiyunga. Indha reminder ku phone verification no reply panna vendam.
Tanglish	implicit_otp	auth-reward-claim	OTP_REQUEST	true	true	Reward credit panna phone la oru login alert vandhirukkum. Adhula irukkura aaru ilakka number enakku sollunga.	Reward credit nu solli login alert number ketta solla vendam. Reward details account oda rewards page la irukkum.
Tanglish	implicit_otp	auth-school-app	OTP_REQUEST	true	false	School app account naan setup panren. Unga phone ku vandha authentication number inga copy panni anuppunga.	School app setup instructions email la irukku. Teacher ku account password alladhu authentication number anuppa thevai illa.
Tanglish	implicit_otp	auth-number-not-otp	OTP_REQUEST	true	true	OTP kekkala, unga phone message la vandha temporary six numbers mattum sollunga. Adha vechu login finish panniduven.	OTP nu sollama temporary six numbers nu ketta kooda share panna vendam. Login finish panna use aagura secret adhu.
Tanglish	contradiction	auth-exclusive-recipient	OTP_REQUEST	true	true	Indha code yaarukkum solladheenga, naan assigned verifier naala enakku mattum anuppunga.	Assigned verifier nu sonnaalum code yaarukkum anuppa vendam. Enakku mattum nu ketpadhum code request dhaan.
Tanglish	credential_request	upi-pin-voice-check	CREDENTIAL_REQUEST	false	true	UPI account verify panna payment approve pannumbodhu podra PIN ah call la sollunga. Naan voice check complete panren.	UPI PIN ah phone call la solla vendam. Voice verification ku payment PIN thevai kidaiyadhu.
Tanglish	credential_request	email-migration-secret	CREDENTIAL_REQUEST	false	false	Mail server maatharom. Unga current email password enakku message pannunga, naan mailbox migrate panren.	Mail migration mudinjadhu. Unga usual company portal la neengale sign in pannunga; support ku password anuppa vendam.
Tanglish	credential_request	card-points-cvv	CREDENTIAL_REQUEST	false	true	Card points cash aaga convert panna CVV um ATM PIN um inga type pannunga. Bank branch pogave thevai illa.	Reward points cash aaga maatharom nu solli CVV alladhu ATM PIN ketta kudukka vendam. Bank oda app la offer check pannunga.
Tanglish	account_recovery	backup-codes-photo	OTP_REQUEST	true	true	Pudhu phone account la add panna recovery code list oda photo anuppunga. Pazhaya phone illamalum naan login panniduven.	Recovery code list oda photo support ku anuppa vendam. Andha list vechu vera aal unga account la login panna mudiyum.
Tanglish	bank_impersonation	bank-cancel-transfer	BANK_IMPERSONATION,OTP_REQUEST,URGENCY	false	true	Bank fraud team la irundhu pesaren. Transfer stop panna OTP udane sollunga, delay aana amount poidum.	Transfer stop panna OTP sollanum nu bank caller ketta call cut pannunga. Official bank number ku neengale call pannunga.
Tanglish	government_impersonation	customs-private-fine	GOVERNMENT_IMPERSONATION,PAYMENT_REQUEST,URGENCY	false	false	Customs officer pesaren, unga parcel mela case irukku. Ippo indha personal wallet ku fine pay pannunga illana arrest process start aagum.	Parcel customs declaration pending nu notice vandhirukku. Carrier account la details paarthu official office kitta verify pannunga.
Tanglish	payment_request	water-disconnection	PAYMENT_REQUEST,URGENCY	false	true	Innikku evening water connection cut aagum. Meter clearance fee ah indha mobile wallet ku seekiram anuppunga.	Water connection cut aagum nu message vandha official bill check pannunga. Unknown mobile wallet ku clearance fee anuppa vendam.
Tanglish	upi	upi-refund-pin	PAYMENT_REQUEST	false	true	Refund receive panna collect request accept panni UPI PIN podunga. Debit nu kaattinaalum credit aagidum.	Collect request accept pannina debit aagalam. Refund receive panna UPI PIN pottu debit approve panna vendam.
Tanglish	qr_fraud	qr-secondhand-buyer	PAYMENT_REQUEST	false	true	Unga old table vaangaren. Naan anuppura payment receive panna indha QR scan panni amount approve pannunga.	Old table ku payment receive panna buyer QR scan panni debit approve panna thevai illa. Buyer direct transfer seiyalaam.
Tanglish	refund	refund-verification-deposit	PAYMENT_REQUEST	false	false	Appliance refund ready, aana verification deposit mudhalil en account ku transfer pannunga. Adhukku appuram full amount release aagum.	Appliance refund original payment method ku anuppiyachu. Vera deposit thevai illa; receipt la transaction reference irukku.
Tanglish	investment	investment-fixed-daily	INVESTMENT_PROMISE,PAYMENT_REQUEST	false	true	Enga private plan la loss varadhu. Ippo deposit pannunga, daily fixed profit um principal guarantee um irukku.	Daily fixed profit, loss varadhu nu sollura private plan ah nambi savings anuppa vendam. Provider details independent ah verify pannunga.
Tanglish	crypto	wallet-seed-support	CREDENTIAL_REQUEST	false	true	Wallet sync issue fix panna recovery oda twelve words enakku anuppunga. Support tool la phrase pottu coins restore panren.	Wallet recovery twelve words yaarukkum anuppa vendam. Support team ku phrase theriyanum nu avasiyam illa.
Tanglish	job_scam	job-registration-charge	PAYMENT_REQUEST	false	false	Interview illama job confirm aagiduchu. Offer letter release panna recruiter personal UPI ku registration fee pay pannunga.	Interview Thursday schedule pannirukkom. Role details mail la irukku; interview attend panna fee edhuvum illa.
Tanglish	delivery	address-card-update	LINK_REQUEST,CREDENTIAL_REQUEST	false	false	Delivery address verify aagala. https://parcel-fix.example la card number CVV fill pannunga, appodhaan parcel move aagum.	Delivery address la landmark missing. Original shopping app oda order page la landmark update pannunga.
Tanglish	remote_access	remote-ticket-id	REMOTE_ACCESS	true	true	Support tool open panni connection number sollunga. Full control request vandha allow pannunga, naan unga laptop operate panren.	Support tool connection number caller ku sonna remote access kidaikkalam. Neenga contact pannaadha aalukku full control allow panna vendam.
Tanglish	tech_support	printer-browser-session	REMOTE_ACCESS,CREDENTIAL_REQUEST	false	false	Printer repair ku desktop control venum. Banking login open panni password kudunga, adhula test panni printer fix panren.	Printer queue clear panna settings la Devices open pannunga. Indha instructions neengale follow pannalaam; remote control thevai illa.
Tanglish	kyc	kyc-short-link	IDENTITY_VERIFICATION,LINK_REQUEST,CREDENTIAL_REQUEST	false	true	KYC renew panna https://kyc-desk.example la bank username password enter pannunga. Idhu alternate verification server.	KYC renew panna message la vandha pudhu site ku bank password kudukka vendam. Usual bank app alladhu branch use pannunga.
Tanglish	family_emergency	brother-phone-broken	PAYMENT_REQUEST,URGENCY	false	false	Naan unga anna, phone odanjiduchu. Call panna mudiyadhu, emergency hospital deposit indha friend account ku ippo anuppu.	Anna phone repair la irukku. Innikku evening veetu landline ku call pannunga; indha message la payment request illa.
Tanglish	prize	lottery-release-tax	PAYMENT_REQUEST	false	true	Unga number draw la win aagiduchu. Prize release tax en wallet ku pay pannunga, winnings udane varum.	Prize release tax personal wallet ku anuppa vendam. Neenga enter pannaadha draw oda winning message ah verify pannunga.
Tanglish	fake_support	seller-deactivate-code	OTP_REQUEST,ACCOUNT_THREAT	true	true	Seller account disable aagapogudhu. Mobile ku vandha verification number enakku sollunga, restriction naan remove panren.	Seller restriction official dashboard la paarunga. Verification number support chat ku anuppina account access pogalam.
Tanglish	job_scam	rating-task-topup	PAYMENT_REQUEST	false	true	Rating task earnings unlock panna wallet la innum deposit pannunga. Negative balance clear aana withdrawal enable aagum.	Earnings edukka thirumba thirumba deposit ketta stop pannunga. Task platform chat promise mattum nambi kaasu anuppa vendam.
Tanglish	government_impersonation	tax-clearance-wallet	GOVERNMENT_IMPERSONATION,PAYMENT_REQUEST	false	false	Tax refund officer naan dhaan. File clear panna processing fee en personal account ku transfer pannunga.	Tax refund status portal la update aagiyirukku. Official account la sign in panni notice padikkalaam; personal transfer thevai illa.
Tanglish	implicit_otp	auth-gym-membership	OTP_REQUEST,URGENCY	true	true	Gym membership login open pannirukken. Phone la code vandhirukkum, seekiram anuppunga verification expire aagapogudhu.	Gym membership ku login code expire aana pudhusa request pannalaam. Expiry pressure irundhaalum code share panna vendam.
Tanglish	implicit_otp	auth-loyalty-cashback	OTP_REQUEST	true	false	Cashback claim ku phone la temporary number vandhirukkum. Adha enakku sollunga, unga behalf la form submit panren.	Cashback credited nu account la notification irukku. Rewards tab la details paarunga, temporary number reply panna vendam.
Tanglish	contradiction	auth-training-live-code	OTP_REQUEST	true	true	Training la code share panna koodadhu nu solluvom. Aana indha live demo ku unga real authentication number enakku anuppunga.	Training demo ku dummy numbers mattum use pannunga. Real authentication number teacher kettaalum anuppa vendam.
Tanglish	remote_access	remote-unattended-mode	REMOTE_ACCESS	false	true	Naan naalaikku repair panren, support app la unattended access on pannitu connection ID anuppunga.	Unattended access on irundha neenga illaadhapodhum device control panna mudiyum. Unsolicited repair caller ku adhai enable panna vendam.
Tanglish	investment	crypto-double-weekend	INVESTMENT_PROMISE,PAYMENT_REQUEST	false	false	Crypto group ku savings anuppunga. Weekend kulla double return guaranteed, market down aanaalum loss illa.	Crypto market pathi discussion naalaikku irukku. Indha group notice la deposit request alladhu guaranteed return offer edhuvum illa.
Tanglish	phishing	work-login-mirror	LINK_REQUEST,CREDENTIAL_REQUEST	false	true	Office login server maariyachu, https://staff-check.example la usual password podunga. Illana salary access stop aagum.	Office password pudhu mirror link la poda vendam. Saved IT helpdesk number moolama server change nijama nu check pannunga.
Tanglish	payment_request	room-viewing-deposit	PAYMENT_REQUEST,URGENCY	false	false	Flat paarka munnaadi token en wallet ku anuppunga. Vera tenant wait panraru, five minutes dhaan irukku.	Flat viewing Sunday morning book panniyachu. Property la agent ah meet pannunga; appointment ku advance payment ketkala.
Tanglish	qr_fraud	qr-parking-reversal	PAYMENT_REQUEST	false	true	Parking extra charge refund ku indha QR scan pannunga. Pay screen vandhaalum PIN pottu approve pannunga.	Parking refund nu solli pay screen approve panna sollina seiya vendam. Receipt vechu official counter la complaint pannunga.
Hindi	implicit_otp	auth-medical-portal	OTP_REQUEST	true	true	अस्पताल का पोर्टल मैं खोल रहा हूँ। आपके फोन पर साइन इन के जो छह अंक आए हैं वे मुझे पढ़कर बता दें, मैं पंजीकरण पूरा कर दूँगा।	अस्पताल के पंजीकरण के लिए साइन इन के छह अंक किसी कर्मचारी को न बताएं। अपने खोले हुए पोर्टल पर उन्हें स्वयं भरें।
Hindi	implicit_otp	auth-train-waitlist	OTP_REQUEST,URGENCY	true	false	आपकी प्रतीक्षा सूची वाली सीट अभी पक्की हो सकती है। मोबाइल पर आया सत्यापन नंबर तुरंत मुझे भेज दें, समय निकल रहा है।	प्रतीक्षा सूची की स्थिति अपने बुकिंग खाते में देखें। यह सूचना किसी सत्यापन नंबर या भुगतान का जवाब नहीं मांगती।
Hindi	implicit_otp	auth-college-fee-receipt	OTP_REQUEST	true	true	कॉलेज की फीस रसीद निकालने के लिए आपके खाते में जाना है। नए लॉगिन संदेश के अंक मुझे बता दीजिए, रसीद मैं निकाल दूँगा।	फीस रसीद का संदर्भ नंबर अलग है और लॉगिन संदेश के अंक अलग हैं। लॉगिन वाले अंक किसी को न बताएं।
Hindi	implicit_otp	auth-broadband-slot	OTP_REQUEST,URGENCY	true	true	ब्रॉडबैंड लगाने का समय खत्म हो रहा है। फोन पर जो अस्थायी सत्यापन अंक आए हैं उन्हें अभी मेरे चैट में लिख दें।	ब्रॉडबैंड का समय खत्म होने का दबाव देकर कोई अस्थायी सत्यापन अंक मांगे तो न दें। सेवा प्रदाता से स्वयं संपर्क करें।
Hindi	implicit_otp	auth-number-not-otp	OTP_REQUEST	true	true	मैं ओटीपी नहीं मांग रहा, बस फोन के नए लॉगिन संदेश में लिखे छह नंबर पढ़कर सुना दें ताकि आपके लिए आगे बढ़ सकूँ।	लॉगिन संदेश के छह नंबर को कोई ओटीपी न कहे तब भी वे गोपनीय हैं। उन्हें फोन पर पढ़कर न सुनाएं।
Hindi	contradiction	auth-exclusive-recipient	OTP_REQUEST	true	true	यह कोड किसी दूसरे को मत दीजिए। मैं आपका निर्धारित सत्यापन अधिकारी हूँ, इसलिए इसे केवल मेरे पास भेजना है।	निर्धारित सत्यापन अधिकारी होने का दावा करने वाले को भी कोड न भेजें। केवल मेरे पास भेजिए कहना सुरक्षा का प्रमाण नहीं है।
Hindi	credential_request	atm-keypad-digits	CREDENTIAL_REQUEST	true	true	कार्ड खोलने के लिए एटीएम पर दबाए जाने वाले चार अंकों को एक एक करके मुझे बताएं। पिन शब्द बोलने की जरूरत नहीं है।	एटीएम पर दबाए जाने वाले चार अंक भी आपका पिन ही हैं। कार्ड खोलने के नाम पर उन्हें किसी को न बताएं।
Hindi	credential_request	email-password-photo	CREDENTIAL_REQUEST	false	false	आपकी ईमेल बहाल करने के लिए पुराना पासवर्ड कागज पर लिखकर उसकी तस्वीर भेजें। हमारा तकनीशियन उससे खाते में जाएगा।	ईमेल बहाल करने के लिए आधिकारिक रीसेट पृष्ठ का उपयोग करें। सहायता टिकट में पासवर्ड या उसकी तस्वीर नहीं चाहिए।
Hindi	bank_impersonation	bank-cancel-transfer	BANK_IMPERSONATION,OTP_REQUEST,URGENCY	false	true	मैं बैंक की धोखाधड़ी रोकने वाली शाखा से हूँ। अभी ओटीपी बताएं ताकि पैसा निकलने से पहले यह लेनदेन रद्द कर सकूँ।	लेनदेन रद्द करने के बहाने भी ओटीपी किसी कॉलर को न दें। बैंक के अपने ऐप में दिए नंबर पर स्वयं फोन करें।
Hindi	government_impersonation	police-identity-deposit	GOVERNMENT_IMPERSONATION,PAYMENT_REQUEST,URGENCY	false	true	पुलिस जांच में आपका नाम है। गिरफ्तारी रोकने के लिए अभी मेरे बताए निजी खाते में सुरक्षा राशि जमा कर दें।	पुलिस के नाम पर गिरफ्तारी रोकने के लिए निजी खाते में राशि मांगना संदिग्ध है। कार्यालय के प्रकाशित नंबर से पुष्टि करें।
Hindi	upi	upi-receive-debit	PAYMENT_REQUEST	false	true	आपको पैसे भेजने हैं, इसलिए मेरे कलेक्ट अनुरोध को स्वीकार करके यूपीआई पिन डालें। यह डेबिट केवल पैसे प्राप्त करने की जांच है।	यूपीआई कलेक्ट अनुरोध पर पिन डालने से पैसे निकल सकते हैं। पैसे प्राप्त करने के नाम पर डेबिट स्वीकार न करें।
Hindi	qr_fraud	qr-secondhand-buyer	PAYMENT_REQUEST	false	false	आपकी पुरानी साइकिल खरीदनी है। मेरा भुगतान पाने के लिए यह क्यूआर स्कैन करें और दिख रही राशि को पिन से मंजूर करें।	साइकिल का भुगतान आपके खाते में जमा हो गया है। अपनी बैंकिंग ऐप में क्रेडिट की पुष्टि करके ही सामान सौंपें।
Hindi	refund	refund-verification-deposit	PAYMENT_REQUEST	false	false	उपकरण का रिफंड तैयार है। पहले हमारे प्रतिनिधि के खाते में वापसी योग्य सत्यापन जमा भेजें, उसके बाद पूरी रकम मिलेगी।	उपकरण का रिफंड उसी भुगतान माध्यम पर भेज दिया गया है जिससे खरीद हुई थी। किसी अतिरिक्त जमा की जरूरत नहीं है।
Hindi	investment	gold-fixed-return	INVESTMENT_PROMISE,PAYMENT_REQUEST	false	true	हमारी निजी सोना योजना में कभी नुकसान नहीं होता। आज राशि जमा करें और हर दिन निश्चित लाभ पाएं, मूलधन की पूरी गारंटी है।	हर दिन निश्चित लाभ और कभी नुकसान नहीं होने के दावे पर बचत न लगाएं। योजना चलाने वाले की स्वतंत्र जांच करें।
Hindi	crypto	wallet-seed-support	CREDENTIAL_REQUEST	false	true	वॉलेट ठीक करने के लिए उसके बारह रिकवरी शब्द मुझे भेज दें। हमारा सहायता उपकरण उन्हीं शब्दों से आपकी रकम वापस दिखा देगा।	वॉलेट के बारह रिकवरी शब्द सहायता कर्मचारी को भी न भेजें। इन शब्दों से दूसरा व्यक्ति रकम पर नियंत्रण पा सकता है।
Hindi	job_scam	job-equipment-seller	PAYMENT_REQUEST	false	false	आप बिना अगले साक्षात्कार के चुन लिए गए हैं। अनुबंध जारी होने से पहले मेरे निजी भुगतान खाते से उपकरण खरीद लें।	आपका अगला साक्षात्कार मंगलवार को है। उपकरण और अनुबंध की जानकारी चयन के बाद दी जाएगी; अभी कोई भुगतान नहीं मांगा गया है।
Hindi	delivery	address-card-update	LINK_REQUEST,CREDENTIAL_REQUEST	false	false	पते की पुष्टि नहीं हुई है। पार्सल फिर भेजने के लिए https://parcel-fix.example पर कार्ड नंबर और सीवीवी भरें।	पार्सल वाले को इमारत का नाम नहीं मिला। अपने मूल ऑर्डर पृष्ठ से पते में सही इमारत का नाम जोड़ दें।
Hindi	remote_access	remote-ticket-id	REMOTE_ACCESS	true	true	सहायता ऐप खोलकर उसका कनेक्शन नंबर मुझे पढ़कर बताएं। पूरा नियंत्रण देने का संदेश आए तो स्वीकार करें, फोन मैं चला लूँगा।	सहायता ऐप का कनेक्शन नंबर देने से किसी को फोन का नियंत्रण मिल सकता है। अनजान कॉलर को पूरा नियंत्रण न दें।
Hindi	kyc	kyc-caller-code	IDENTITY_VERIFICATION,OTP_REQUEST	true	true	केवाईसी मैं इसी कॉल पर नवीनीकृत कर सकता हूँ। आपके मोबाइल के सत्यापन संदेश में जो नंबर है वह मुझे बता दें।	केवाईसी के लिए कॉलर को मोबाइल के सत्यापन संदेश का नंबर न बताएं। बैंक की अपनी शाखा या ऐप से प्रक्रिया करें।
Hindi	family_emergency	cousin-new-number	PAYMENT_REQUEST,URGENCY	false	false	मैं तुम्हारा चचेरा भाई हूँ और दूसरे फोन से लिख रहा हूँ। बात नहीं कर सकता, अस्पताल की जमा राशि तुरंत इस खाते में भेज दो।	चचेरे भाई ने कल अस्पताल साथ चलने के लिए घर के नंबर पर फोन करने को कहा है। इस संदेश में कोई राशि नहीं मांगी गई है।
Hindi	prize	prize-tax-advance	PAYMENT_REQUEST	false	true	आपका नंबर इनाम के लिए चुना गया है। जीत की रकम जारी करने से पहले मेरे वॉलेट में पुरस्कार कर भेज दें।	इनाम लेने के लिए किसी निजी वॉलेट में कर न भेजें। आयोजक से स्वतंत्र रूप से जांचें कि आपने प्रतियोगिता में भाग भी लिया था या नहीं।
Hindi	fake_support	marketplace-login-approval	OTP_REQUEST	true	true	विक्रेता सहायता से बोल रहा हूँ। खाते की रोक हटाने के लिए फोन पर आए लॉगिन अनुमोदन के अंक पढ़कर बताएं।	विक्रेता सहायता को लॉगिन अनुमोदन के अंक नहीं चाहिए। खाते की रोक को अपने बाजार मंच के डैशबोर्ड में जांचें।
Hindi	job_scam	task-unfreeze-fee	PAYMENT_REQUEST	false	true	रेटिंग काम से आपकी कमाई तैयार है। निकासी खोलने के लिए पहले टास्क वॉलेट में अपना पैसा डालकर स्तर बढ़ाएं।	कमाई निकालने के लिए बार बार अपना पैसा जमा करने को कहने वाले टास्क मंच से सावधान रहें। नए भुगतान रोक दें।
Hindi	phishing	cloud-share-password	LINK_REQUEST,CREDENTIAL_REQUEST	false	false	साझा दस्तावेज खोलने के लिए https://document-confirm.example पर अपनी ईमेल का असली पासवर्ड भरें। इसके बिना फाइल नहीं खुलेगी।	दस्तावेज सामान्य साझा कार्य फोल्डर में रखा है। अपने दस्तावेज ऐप से खोलें; ईमेल पासवर्ड का जवाब नहीं चाहिए।
Hindi	contradiction	auth-training-live-code	OTP_REQUEST	true	true	प्रशिक्षण में हम कहते हैं कोड साझा न करें। लेकिन आज के वास्तविक प्रदर्शन के लिए अपना असली लॉगिन नंबर मुझे भेज दें।	प्रशिक्षण में उदाहरण के लिए नकली कोड रखें। वास्तविक प्रदर्शन के नाम पर भी अपना असली लॉगिन नंबर किसी को न भेजें।
Hindi	credential_request	school-account-password	CREDENTIAL_REQUEST	false	true	कक्षा समूह में जोड़ने के लिए बच्चे के स्कूल खाते का पासवर्ड मुझे संदेश में भेजें। मैं उसके खाते से सदस्यता स्वीकार कर दूँगा।	कक्षा समूह में जोड़ने वाले शिक्षक को बच्चे के खाते का पासवर्ड न भेजें। अभिभावक अपने खाते से स्वयं स्वीकृति दे सकते हैं।
Hindi	implicit_otp	auth-loyalty-cashback	OTP_REQUEST	true	false	कैशबैक जोड़ने के लिए फोन पर अस्थायी लॉगिन नंबर आया होगा। वही मुझे बोल दें, फॉर्म मैं आपकी ओर से भर रहा हूँ।	कैशबैक आपके खाते में जोड़ दिया गया है। रिवॉर्ड पृष्ठ पर विवरण देखें; इस सूचना का जवाब नहीं देना है।
Hindi	payment_request	room-viewing-deposit	PAYMENT_REQUEST,URGENCY	false	false	मकान दिखाने से पहले मेरे वॉलेट में टोकन भेजें। दूसरा किरायेदार इंतजार कर रहा है, पांच मिनट में भुगतान चाहिए।	मकान देखने का समय रविवार सुबह तय है। संपत्ति पर प्रतिनिधि से मिलें; मुलाकात की पुष्टि में भुगतान नहीं मांगा गया है।
Hindi	qr_fraud	qr-parking-reversal	PAYMENT_REQUEST	false	true	पार्किंग का अतिरिक्त पैसा वापस पाने के लिए क्यूआर स्कैन करें। स्क्रीन पर भुगतान लिखा आए तब भी पिन डालकर मंजूर करें।	पार्किंग रिफंड के नाम पर भुगतान स्क्रीन मंजूर न करें। अपनी रसीद लेकर आधिकारिक काउंटर पर शिकायत करें।
Hindi	government_impersonation	tax-clearance-wallet	GOVERNMENT_IMPERSONATION,PAYMENT_REQUEST	false	false	मैं कर विभाग का रिफंड अधिकारी हूँ। फाइल खोलने की फीस मेरे निजी खाते में जमा करा दें, उसके बाद रिफंड जारी होगा।	कर रिफंड की स्थिति पोर्टल पर बदली है। अपने पंजीकृत खाते में सूचना पढ़ें और जरूरत हो तो आधिकारिक कार्यालय से संपर्क करें।
Tamil	implicit_otp	auth-medical-portal	OTP_REQUEST	true	true	மருத்துவமனை கணக்கை நான் திறக்கிறேன். உங்கள் போனில் வந்த உள்நுழைவு செய்தியின் ஆறு எண்களைப் படித்துச் சொல்லுங்கள்; பதிவை நான் முடிக்கிறேன்.	மருத்துவமனை பதிவுக்காக உள்நுழைவு செய்தியின் ஆறு எண்களை ஊழியரிடம் சொல்ல வேண்டாம். நீங்கள் திறந்த தளத்தில் நீங்களே உள்ளிடுங்கள்.
Tamil	implicit_otp	auth-ticket-seat	OTP_REQUEST,URGENCY	true	false	இருக்கை முன்பதிவு முடியப் போகிறது. போனில் வந்த சரிபார்ப்பு எண்ணை உடனே எனக்கு அனுப்புங்கள்; எனது கணினியில் பதிவை முடிக்கிறேன்.	முன்பதிவு குறிப்பு எண் ரசீதில் உள்ளது. அதிகாரப்பூர்வ செயலியில் நிலையைப் பாருங்கள்; இந்த அறிவிப்பிற்கு உள்நுழைவு எண்ணை அனுப்ப வேண்டியதில்லை.
Tamil	implicit_otp	auth-college-fee-receipt	OTP_REQUEST	true	true	கல்லூரி கட்டண ரசீதை எடுக்க உங்கள் கணக்கில் செல்ல வேண்டும். புதிய உள்நுழைவு செய்தியில் வந்த எண்களை எனக்குச் சொல்லுங்கள்.	கட்டண ரசீதின் குறிப்பு எண்ணும் உள்நுழைவு செய்தியின் எண்களும் வேறு. உள்நுழைவு எண்களை யாரிடமும் பகிர வேண்டாம்.
Tamil	implicit_otp	auth-broadband-slot	OTP_REQUEST,URGENCY	true	true	இணைய இணைப்பு பொருத்தும் நேரம் முடிகிறது. மொபைலில் வந்த தற்காலிக சரிபார்ப்பு எண்ணை இப்போதே எனது அரட்டைக்கு அனுப்புங்கள்.	இணைப்பு நேரம் முடிவதாகச் சொன்னாலும் தற்காலிக சரிபார்ப்பு எண்ணை அனுப்ப வேண்டாம். சேவை நிறுவனத்தை நீங்களே தொடர்பு கொள்ளுங்கள்.
Tamil	implicit_otp	auth-number-not-otp	OTP_REQUEST	true	true	ஓடிபி கேட்கவில்லை. போனின் புதிய உள்நுழைவு செய்தியில் உள்ள ஆறு எண்களை மட்டும் படித்துச் சொல்லுங்கள்; உங்களுக்காக நான் தொடர்கிறேன்.	ஓடிபி என்ற பெயரைப் பயன்படுத்தாவிட்டாலும் உள்நுழைவு செய்தியின் ஆறு எண்கள் ரகசியமானவை. அவற்றை அழைப்பாளருக்குப் படித்துச் சொல்ல வேண்டாம்.
Tamil	contradiction	auth-exclusive-recipient	OTP_REQUEST	true	true	இந்தக் குறியீட்டை மற்றவர்களுக்குக் கொடுக்காதீர்கள். நான் உங்களுக்கு நியமிக்கப்பட்ட சரிபார்ப்பாளர் என்பதால் எனக்கு மட்டும் அனுப்புங்கள்.	நியமிக்கப்பட்ட சரிபார்ப்பாளர் என்று கூறுபவருக்கும் குறியீட்டை அனுப்ப வேண்டாம். எனக்கு மட்டும் என்று கேட்பது பாதுகாப்பு உத்தரவாதம் அல்ல.
Tamil	credential_request	upi-pin-voice-check	CREDENTIAL_REQUEST	false	true	யுபிஐ கணக்கை உறுதி செய்ய பணம் அனுப்பும்போது பயன்படுத்தும் பின் எண்ணை அழைப்பில் சொல்லுங்கள். குரல் சரிபார்ப்பை நான் முடிக்கிறேன்.	யுபிஐ பின் எண்ணை தொலைபேசி அழைப்பில் சொல்ல வேண்டாம். குரல் சரிபார்ப்பிற்கு பணம் அனுப்பும் பின் எண் தேவையில்லை.
Tamil	credential_request	email-password-photo	CREDENTIAL_REQUEST	false	false	மின்னஞ்சலை மீட்க பழைய கடவுச்சொல்லை காகிதத்தில் எழுதி புகைப்படம் அனுப்புங்கள். எங்கள் நிபுணர் அதைப் பயன்படுத்திக் கணக்கில் நுழைவார்.	மின்னஞ்சலை மீட்க அதிகாரப்பூர்வ கடவுச்சொல் மாற்றும் பக்கத்தைப் பயன்படுத்துங்கள். உதவி கோரிக்கையில் கடவுச்சொல் புகைப்படம் தேவையில்லை.
Tamil	bank_impersonation	bank-cancel-transfer	BANK_IMPERSONATION,OTP_REQUEST,URGENCY	false	true	வங்கியின் மோசடி தடுப்புப் பிரிவிலிருந்து பேசுகிறேன். பணம் வெளியேறும் முன் பரிமாற்றத்தை நிறுத்த ஓடிபியை உடனே சொல்லுங்கள்.	பரிமாற்றத்தை நிறுத்துவதாகக் கூறினாலும் அழைப்பாளரிடம் ஓடிபியைச் சொல்ல வேண்டாம். வங்கிச் செயலியில் உள்ள எண்ணை நீங்களே அழையுங்கள்.
Tamil	government_impersonation	customs-private-fine	GOVERNMENT_IMPERSONATION,PAYMENT_REQUEST,URGENCY	false	true	சுங்க அதிகாரி பேசுகிறேன். உங்கள் பார்சல் மீது வழக்கு உள்ளது; கைது நடவடிக்கையைத் தவிர்க்க உடனே இந்த தனிப்பட்ட வாலெட்டிற்கு அபராதம் செலுத்துங்கள்.	சுங்க அதிகாரி என்று கூறி தனிப்பட்ட வாலெட்டில் உடனடி அபராதம் கேட்பதை நம்ப வேண்டாம். வெளியிடப்பட்ட அலுவலக எண்ணில் உறுதி செய்யுங்கள்.
Tamil	upi	upi-receive-debit	PAYMENT_REQUEST	false	true	உங்களுக்குப் பணம் வருவதற்கு எனது கலெக்ட் கோரிக்கையை ஏற்று யுபிஐ பின் எண்ணை உள்ளிடுங்கள். டெபிட் என்று காட்டுவது பணம் பெறுவதற்கான சோதனைதான்.	யுபிஐ கோரிக்கையை பின் எண்ணால் ஏற்றால் பணம் வெளியேறலாம். பணம் பெறுவதற்காக டெபிட் அனுமதி கொடுக்க வேண்டாம்.
Tamil	qr_fraud	qr-secondhand-buyer	PAYMENT_REQUEST	false	false	உங்கள் பழைய நாற்காலியை வாங்குகிறேன். எனது பணத்தைப் பெற இந்த க்யூஆரை ஸ்கேன் செய்து காட்டும் தொகையை பின் எண்ணால் ஒப்புக்கொள்ளுங்கள்.	நாற்காலிக்கான பணம் உங்கள் கணக்கில் வந்ததாக வாங்குபவர் கூறுகிறார். உங்கள் வங்கிச் செயலியில் வரவை உறுதி செய்த பிறகு பொருளைக் கொடுங்கள்.
Tamil	refund	refund-verification-deposit	PAYMENT_REQUEST	false	false	சாதனத்தின் பணத்தைத் திருப்பித் தரத் தயார். முதலில் எங்கள் பிரதிநிதியின் கணக்கில் சரிபார்ப்பு முன்பணம் செலுத்துங்கள்; பிறகு முழுத் தொகையும் வரும்.	சாதனத்தின் பணம் முதலில் பயன்படுத்திய கட்டண முறைக்கே திருப்பி அனுப்பப்பட்டது. கூடுதல் முன்பணம் எதுவும் தேவையில்லை.
Tamil	investment	gold-fixed-return	INVESTMENT_PROMISE,PAYMENT_REQUEST	false	true	எங்கள் தனியார் தங்கத் திட்டத்தில் இழப்பு வராது. இன்று பணம் செலுத்துங்கள்; தினமும் உறுதியான லாபமும் முதலுக்கு முழு உத்தரவாதமும் உண்டு.	தினசரி உறுதியான லாபம், இழப்பே இல்லை என்று கூறும் திட்டத்தில் சேமிப்பை அனுப்ப வேண்டாம். நிறுவனத்தைத் தனியாக ஆராயுங்கள்.
Tamil	crypto	wallet-seed-support	CREDENTIAL_REQUEST	false	true	வாலெட் சரியாக இயங்க அதன் பன்னிரண்டு மீட்பு வார்த்தைகளை எனக்கு அனுப்புங்கள். உதவிக் கருவியில் அவற்றைப் போட்டு உங்கள் நாணயங்களை மீட்கிறேன்.	வாலெட்டின் பன்னிரண்டு மீட்பு வார்த்தைகளை உதவியாளருக்கும் அனுப்ப வேண்டாம். அவற்றைக் கொண்டு வேறொருவர் பணத்தைக் கட்டுப்படுத்த முடியும்.
Tamil	job_scam	job-registration-charge	PAYMENT_REQUEST	false	false	நேர்காணல் இல்லாமல் வேலை உறுதியாகிவிட்டது. பணி ஆணை அனுப்புவதற்கு முன் தேர்வாளரின் தனிப்பட்ட யுபிஐக்கு பதிவுக் கட்டணம் செலுத்துங்கள்.	நேர்காணல் வியாழன் நடைபெறும். பணியின் விவரம் மின்னஞ்சலில் உள்ளது; நேர்காணலில் பங்கேற்க கட்டணம் இல்லை.
Tamil	delivery	address-card-update	LINK_REQUEST,CREDENTIAL_REQUEST	false	false	விநியோக முகவரி சரிபார்க்கப்படவில்லை. https://parcel-fix.example தளத்தில் அட்டை எண் மற்றும் சிவிவி கொடுத்தால் மட்டுமே மீண்டும் அனுப்ப முடியும்.	விநியோக முகவரியில் கட்டடத்தின் பெயர் இல்லை. உங்கள் அசல் ஆர்டர் பக்கத்தில் கட்டடப் பெயரைச் சேர்க்கவும்.
Tamil	remote_access	remote-ticket-id	REMOTE_ACCESS	true	true	உதவி செயலியைத் திறந்து அதில் உள்ள இணைப்பு எண்ணைச் சொல்லுங்கள். முழுக் கட்டுப்பாடு கேட்கும் பெட்டியை ஏற்றால் உங்கள் போனை நான் இயக்குவேன்.	உதவி செயலியின் இணைப்பு எண்ணைச் சொன்னால் மற்றவருக்கு தொலைநிலை அணுகல் கிடைக்கலாம். அறிமுகமில்லாத அழைப்பாளருக்கு முழுக் கட்டுப்பாடு கொடுக்க வேண்டாம்.
Tamil	kyc	kyc-caller-code	IDENTITY_VERIFICATION,OTP_REQUEST	true	true	கேஒய்சியை இந்த அழைப்பிலேயே புதுப்பிக்கலாம். உங்கள் போனின் சரிபார்ப்பு செய்தியில் வந்த எண்ணை எனக்குச் சொல்லுங்கள்; வங்கிப் படிவத்தை நான் முடிக்கிறேன்.	கேஒய்சிக்காக போனில் வந்த சரிபார்ப்பு எண்ணை அழைப்பாளரிடம் சொல்ல வேண்டாம். வங்கியின் செயலி அல்லது கிளையைப் பயன்படுத்துங்கள்.
Tamil	family_emergency	brother-phone-broken	PAYMENT_REQUEST,URGENCY	false	false	நான் உன் அண்ணன், போன் உடைந்ததால் வேறு எண்ணிலிருந்து எழுதுகிறேன். பேச முடியாது; மருத்துவமனை முன்பணத்தை உடனே இந்த நண்பரின் கணக்கிற்கு அனுப்பு.	அண்ணனின் போன் பழுதுபார்ப்பில் உள்ளது. மாலை வீட்டு தொலைபேசியில் அழைத்து நாளைய மருத்துவமனை பயணத்தை உறுதி செய்; பணம் கேட்கவில்லை.
Tamil	prize	prize-tax-advance	PAYMENT_REQUEST	false	true	உங்கள் எண் பரிசுக்குத் தேர்வாகியுள்ளது. வெற்றித் தொகையை விடுவிக்க முதலில் எனது வாலெட்டில் பரிசு வரியைச் செலுத்துங்கள்.	பரிசு பெற தனிப்பட்ட வாலெட்டில் வரி செலுத்த வேண்டாம். போட்டியில் நீங்கள் பங்கேற்றீர்களா என்பதை ஏற்பாட்டாளரிடம் தனியாக விசாரியுங்கள்.
Tamil	fake_support	marketplace-login-approval	OTP_REQUEST	true	true	விற்பனையாளர் உதவிப் பிரிவிலிருந்து பேசுகிறேன். கணக்கின் தடையை நீக்க போனில் வந்த உள்நுழைவு ஒப்புதல் எண்களைப் படித்துச் சொல்லுங்கள்.	விற்பனையாளர் உதவிக்கு உள்நுழைவு ஒப்புதல் எண்கள் தேவையில்லை. கணக்குத் தடையை அதிகாரப்பூர்வ நிர்வாகப் பக்கத்தில் நீங்களே பாருங்கள்.
Tamil	job_scam	task-unfreeze-fee	PAYMENT_REQUEST	false	true	மதிப்பீட்டு வேலை வருமானம் தயாராக உள்ளது. பணம் எடுக்கும் நிலையைத் திறக்க முதலில் டாஸ்க் வாலெட்டில் உங்கள் பணத்தைச் சேர்க்கவும்.	வருமானத்தை எடுக்க மீண்டும் மீண்டும் பணம் சேர்க்கச் சொல்லும் டாஸ்க் தளத்திடம் எச்சரிக்கையாக இருங்கள். புதிய பணம் அனுப்புவதை நிறுத்துங்கள்.
Tamil	phishing	cloud-share-password	LINK_REQUEST,CREDENTIAL_REQUEST	false	false	பகிரப்பட்ட ஆவணத்தைத் திறக்க https://document-confirm.example இல் உங்கள் மின்னஞ்சலின் உண்மையான கடவுச்சொல்லை உள்ளிடுங்கள்.	ஆவணம் வழக்கமான பணிக் கோப்புறையில் உள்ளது. உங்கள் ஆவணச் செயலியில் திறக்கலாம்; மின்னஞ்சல் கடவுச்சொல்லை அனுப்பத் தேவையில்லை.
Tamil	contradiction	auth-training-live-code	OTP_REQUEST	true	true	பயிற்சியில் குறியீட்டை பகிர வேண்டாம் என்று சொல்வோம். ஆனால் இன்றைய நேரடி செய்முறைக்கு உங்கள் உண்மையான உள்நுழைவு எண்ணை எனக்கு அனுப்புங்கள்.	பயிற்சி செய்முறைக்கு போலி எண்களை மட்டும் பயன்படுத்துங்கள். உண்மையான உள்நுழைவு எண்ணை ஆசிரியர் கேட்டாலும் அனுப்ப வேண்டாம்.
Mixed Hindi-English	implicit_otp	auth-admission-seat	OTP_REQUEST	true	true	Admission slot hold कर रहा हूँ. Phone pe जो six digit verification number आया है उसे मेरे chat पर send krdo.	Admission के लिए six digit verification number agent को मत भेजना. अपने portal में खुद enter करो.
Mixed Hindi-English	contradiction	bank-warning-exception	BANK_IMPERSONATION,OTP_REQUEST	false	true	Bank staff OTP नहीं मांगते, लेकिन मैं special fraud desk से हूँ. Transfer cancel करने को OTP मुझे बता दो.	Special fraud desk का नाम लेकर भी OTP मांगा जाए तो न बताएं. Bank को अपने saved contact से call करें.
Mixed Hindi-English	credential_request	mailbox-migration-secret	CREDENTIAL_REQUEST	false	false	IT migration के लिए अपना current password यहां भेजें. Technician आपके mailbox में login करके files copy करेगा.	IT migration पूरी हो गई. Company portal में स्वयं sign in करें; ticket में password भेजने की जरूरत नहीं है.
Mixed Hindi-English	remote_access	remote-ticket-id	REMOTE_ACCESS	true	true	Support tool में जो connection number दिख रहा है वह बताओ. Full control allow करो ताकि मैं आपका computer चला सकूँ.	Connection number देकर full control allow करने से caller computer चला सकता है. अनजान support call को यह access न दें.
Mixed Hindi-English	upi	upi-receive-debit	PAYMENT_REQUEST	false	true	Refund receive करने के लिए collect request approve करो. Debit लिखा आए फिर भी UPI PIN डाल देना.	Refund receive करने के लिए debit approve नहीं करना पड़ता. Collect request पर UPI PIN डालने से पैसे निकल सकते हैं.
Mixed Hindi-English	government_impersonation	court-video-fine	GOVERNMENT_IMPERSONATION,PAYMENT_REQUEST,URGENCY	false	true	Court hearing अभी चल रही है. Call disconnect मत करो, fine मेरे बताए account में तुरंत transfer करो.	Court hearing के नाम पर personal account में तुरंत fine मांगना suspicious है. Official court number से notice verify करें.
Mixed Hindi-English	investment	crypto-insider-pool	INVESTMENT_PROMISE,PAYMENT_REQUEST	false	false	Private crypto pool में आज invest करो, weekend तक double return guaranteed है. Principal का loss बिल्कुल नहीं होगा.	Crypto prices पर कल discussion है. यह educational session है, किसी deposit या guaranteed return का offer नहीं है.
Mixed Hindi-English	phishing	work-login-mirror	LINK_REQUEST,CREDENTIAL_REQUEST	false	true	Salary portal बदल गया है. https://staff-check.example पर अपना office password डालें, तभी payslip खुलेगी.	Office password नए message link पर मत डालें. Payslip अपने usual employee portal में देखें.
Mixed Hindi-English	qr_fraud	qr-parking-reversal	PAYMENT_REQUEST	false	true	Parking refund के लिए QR scan करो और Pay screen पर PIN डालकर approve करो. Amount वापस ही आएगा.	Parking refund बताकर Pay screen approve करवाना debit करा सकता है. Receipt से official counter पर complaint करें.
Mixed Hindi-English	job_scam	job-registration-charge	PAYMENT_REQUEST	false	false	Interview waive हो गया है, job आपकी है. Offer letter release करने के लिए personal UPI पर registration fee भेजें.	Interview Friday को है. Company email में location और role details हैं; interview के लिए कोई fee नहीं है.
Mixed Tamil-English	implicit_otp	auth-school-app	OTP_REQUEST	true	true	School account setup நான் செய்கிறேன். Phone la வந்த authentication number எனக்கு send pannunga, form complete பண்ணிடுவேன்.	School account authentication number யாருக்கும் send panna vendam. உங்கள் screen la நீங்களே enter செய்யுங்கள்.
Mixed Tamil-English	contradiction	auth-exclusive-recipient	OTP_REQUEST	true	true	Code யாருக்கும் சொல்லாதீங்க. நான் assigned verifier என்பதால் enakku mattum அனுப்புங்கள்.	Assigned verifier என்று சொன்னாலும் code அனுப்ப வேண்டாம். Enakku mattum என்று கேட்பதும் secret request தான்.
Mixed Tamil-English	credential_request	email-migration-secret	CREDENTIAL_REQUEST	false	false	Mail migration க்கு உங்கள் current password வேண்டும். Chat la அனுப்புங்கள், technician account la login செய்வார்.	Mail migration முடிந்தது. Usual company portal la sign in செய்யுங்கள்; password அனுப்பத் தேவையில்லை.
Mixed Tamil-English	remote_access	remote-ticket-id	REMOTE_ACCESS	true	true	Support tool open செய்து connection number சொல்லுங்கள். Full control allow செய்தால் உங்கள் laptop நான் இயக்குவேன்.	Connection number கொடுத்து full control allow செய்ய வேண்டாம். நீங்கள் தொடர்பு கொள்ளாத support caller க்கு access தராதீர்கள்.
Mixed Tamil-English	upi	upi-refund-pin	PAYMENT_REQUEST	false	true	Refund receive panna collect request ஏற்றுக்கொள்ளுங்கள். Debit என்று வந்தாலும் UPI PIN போட்டு approve செய்யுங்கள்.	Refund receive panna debit approve செய்யத் தேவையில்லை. UPI PIN போட்டால் உங்கள் பணம் வெளியேறலாம்.
Mixed Tamil-English	government_impersonation	customs-private-fine	GOVERNMENT_IMPERSONATION,PAYMENT_REQUEST,URGENCY	false	true	Customs case உங்கள் parcel மீது உள்ளது. Personal wallet க்கு fine உடனே pay pannunga, இல்லையென்றால் arrest ஆகும்.	Customs என்று கூறி personal wallet க்கு fine கேட்டால் pay panna vendam. Official office number மூலம் சரிபாருங்கள்.
Mixed Tamil-English	investment	investment-fixed-daily	INVESTMENT_PROMISE,PAYMENT_REQUEST	false	false	Private fund la deposit செய்யுங்கள். Daily fixed profit கிடைக்கும், principal loss வராது என்று guarantee தருகிறோம்.	Investment பற்றி நாளை educational meeting உள்ளது. Deposit request அல்லது guaranteed return offer இதில் இல்லை.
Mixed Tamil-English	phishing	cloud-share-password	LINK_REQUEST,CREDENTIAL_REQUEST	false	true	Shared document திறக்க https://document-confirm.example la உங்கள் email password உள்ளிடுங்கள்.	Shared document க்கு email password புதிய link la போட வேண்டாம். Usual work folder மூலம் திறக்கவும்.
Mixed Tamil-English	family_emergency	brother-phone-broken	PAYMENT_REQUEST,URGENCY	false	false	நான் உன் brother, phone broken. Call panna முடியாது, hospital deposit இந்த friend account க்கு இப்போ அனுப்பு.	Brother phone repair la உள்ளது. Evening வீட்டு landline க்கு call pannunga; payment request இல்லை.
Mixed Tamil-English	qr_fraud	qr-secondhand-buyer	PAYMENT_REQUEST	false	true	உங்கள் old chair வாங்குகிறேன். Payment receive panna இந்த QR scan செய்து amount approve செய்யுங்கள்.	Buyer payment receive panna QR debit approve செய்ய வேண்டாம். உங்கள் banking app la credit வந்ததா பாருங்கள்.
